953604306.47,489725504.85,594892089.40,12/14/7577,Mackenzie
376838721.94,915285654.02,256853534.25,5/17/8958,Shelby
738239817.15,818747020.49,834768467.95,7/6/0399,Josh
915089545.38,47266038.46,477549343.03,9/1/6129,Dani
902861731.47,407501364.49,820204779.89,3/23/0658,Percy
585583518.26,743744178.43,552849721.27,2/22/6011,David
204610691.43,454715223.74,964490696.14,2/3/4209,Naomi
543806195.55,159916134.67,284041286.50,10/30/3080,Liam
288101931.18,69140903.48,27453705.28,9/10/2882,Parker
435187821.33,411694723.56,903512416.01,11/10/6128,Josh
108211971.94,743027377.56,593209171.51,5/12/6147,Russel
75693551.94,82257873.55,181760033.59,10/26/9916,Alan
92465326.75,687213503.26,985010446.76,5/5/5416,Melody
538826662.73,408429571.86,915157450.68,1/10/8290,Jamie
924288425.06,933865436.08,390671315.88,8/28/7335,Rosalyn
825726574.36,621742533.80,699200918.54,11/7/4949,Matt
181217605.13,98793904.59,944546411.04,1/5/0800,Bryon
826931764.46,515078214.41,334270660.03,9/9/3861,William
55230402.03,495197588.33,131828840.48,1/28/3828,Irene
776817357.14,390133369.67,706330146.00,9/23/5851,Eileen
29546051.08,673613337.54,604440751.26,9/25/1822,Bob
540546365.75,333873082.78,345423999.40,3/21/8846,Vivian
643357444.72,46257380.27,976888658.93,4/19/5307,Joyce
804023506.84,329299254.78,301681113.28,10/18/1519,Lucy
664390574.80,752132846.63,810262028.63,2/3/6829,Emmanuelle
217035449.91,642309123.17,11248258.18,8/10/8494,Chuck
69075148.11,41378140.28,107422959.40,8/17/5844,Oliver
181354346.90,550096039.44,572017195.53,5/19/6083,Renee
639965826.98,223638090.43,628525786.84,10/19/5137,George
585231807.41,662805721.04,897641013.73,3/24/3013,Ramon
625135011.41,713634441.91,674294459.66,5/27/5650,Martin
179043698.15,536859886.74,573850177.22,12/6/3535,Manuel
869674529.57,424320444.21,139855779.43,2/18/0816,Erick
130025390.60,707502808.16,681650545.93,11/29/1609,Kimberly
197204229.56,555604029.08,113381860.05,6/26/7642,Bart
233336329.36,488111033.11,570829205.46,1/16/1335,Rick
515847217.19,253056458.41,684570107.92,1/31/3918,Janelle
876873375.00,59674072.94,351042003.03,7/16/6527,Eduardo
442652748.05,362052046.31,403480422.80,3/20/3994,Benny
801261430.35,95087647.64,157596964.71,2/8/3996,Alan
402454545.20,712734853.32,668955409.03,8/31/4141,Eileen
555940559.08,929296173.91,279839729.13,12/22/6371,Sofie
932018788.01,423084025.85,201657581.38,4/16/9737,Noah
84743728.08,206574401.91,168912105.65,8/30/6656,Roger
780717523.49,274295335.22,269068408.94,12/8/1444,Lara
609488126.57,712981576.88,956251621.43,1/12/8196,Rocco
927116148.73,124941175.78,469973079.27,4/4/6201,Valentina
102447695.76,267355060.87,644180076.64,11/11/1499,Joyce
940688254.78,915031690.95,640605334.32,12/28/9028,Jayden
815566398.37,796875646.79,92447573.91,3/30/7410,Enoch
166951354.94,123172497.53,571159741.45,1/4/5051,Susan
350595953.67,831222995.60,443931008.01,1/20/0457,Tyler
844235067.36,279761100.78,804865753.04,7/20/1054,Courtney
198008220.37,488496908.21,570114436.91,12/4/1217,Isabel
83581095.14,818736605.49,955998826.75,12/7/7286,Cadence
172552184.73,576386248.38,416309444.90,9/10/6813,Alma
519591170.83,457167325.56,601594046.77,8/11/7408,Adelaide
221256386.62,983080641.25,988178916.34,1/5/8103,Bart
330906893.74,877582146.64,429505478.81,11/13/5227,Chuck
294795697.17,842058519.12,107179031.95,7/6/2989,Javier
912537958.43,645571763.56,325116138.05,9/6/3907,Alan
887764353.10,303886762.11,338856128.75,8/14/9204,Anthony
493143464.69,242815182.73,975650683.73,9/14/8142,Julian
162788125.96,623066661.69,354724977.73,6/3/3326,Alan
650749225.19,972100954.28,993533573.69,2/10/1555,Gil
807713524.66,269408711.06,798578776.81,10/2/2840,Melania
124443257.23,121099605.92,526666870.28,4/24/8866,Rhea
757839325.53,423385573.89,921398794.67,10/18/5302,Josh
455753653.27,883386350.12,695806888.42,3/25/6291,Cara
564177961.24,526628858.19,937212220.55,7/31/1774,Daron
391015303.39,889540425.70,772753748.60,8/14/4809,Nick
392585273.77,817525898.04,608680334.73,3/11/5353,Dalia
146242370.34,401743620.34,810661045.31,5/17/1065,Julian
531952042.93,575009295.64,114848919.02,3/1/4192,Erick
736222891.14,961266981.86,950642147.14,9/4/8933,Diane
203236563.14,325745572.03,322671391.49,3/1/2877,Emely
154440426.89,47231646.35,239731982.19,1/22/9153,Oliver
352487798.25,19196535.83,723127265.00,12/19/2425,Chad
695979593.39,812387107.28,983569428.03,12/28/1351,Tess
94171234.54,492392769.87,288102277.68,1/10/9038,Angel
475379435.46,52973683.04,270235509.18,2/9/3136,Esmeralda
381342917.64,891458367.51,95320531.38,5/29/0325,Sofia
505185711.37,40450102.69,233998284.47,2/17/4419,Erick
973036616.10,953231068.46,965038828.68,3/19/6066,Chris
790363335.40,877483104.15,623854469.61,4/17/5236,Bob
135207434.63,782650683.98,629751950.62,7/30/1437,Jacqueline
428763028.57,108868318.86,354004342.71,8/20/2959,Emmanuelle
589717429.29,415826962.10,216499573.29,4/10/7932,Aisha
902342270.62,392810284.27,496565614.85,6/29/8109,Sara
496318408.66,160788614.02,575490729.67,1/23/0095,Molly
200331812.04,424761904.55,575961157.43,4/5/4358,Cassandra
316822501.03,368382415.04,580447515.48,3/16/9756,Blake
125306399.77,526162206.89,47590362.58,12/29/6095,Valentina
421152454.26,845234350.43,442885686.35,3/4/8078,Carina
300103657.97,163382115.25,969412800.68,2/13/7726,Tyson
906562603.54,324175057.66,160488259.00,7/17/5056,Rick
630529609.55,268176587.22,555271813.88,1/1/8582,Harry
418927000.36,987898259.54,280554555.23,11/24/0228,Marjorie
27067994.15,565781637.69,922934224.44,4/15/5920,Benjamin
415871094.56,281989994.55,9927232.73,1/21/7311,Sebastian
16179258.96,983124064.73,889400626.07,9/22/4894,Hank
314926349.16,773833151.63,385038288.21,11/11/7303,Sage
949954666.47,543111873.10,311950224.59,8/25/9549,Ron
455825894.87,498510454.28,352396366.04,1/9/3995,Megan
956140068.10,544498167.74,514721109.67,3/7/0714,Enoch
523608421.39,275550602.43,411527653.41,6/19/5087,Shay
708047213.45,224712740.70,165385468.08,9/30/3558,Leah
48679027.21,267266797.23,690033108.23,4/29/1237,Beatrice
759914554.97,637855476.96,363169339.68,12/11/3605,William
441900802.37,285966176.76,903514828.70,6/1/1870,Nathan
139511325.27,863535204.26,690261741.98,10/5/4267,Iris
439487411.39,714918604.55,336455329.00,9/11/2905,Hailey
940887840.36,292986254.39,892251787.93,6/29/7239,Elly
820660035.10,451971714.94,599525666.40,1/15/3765,Nicholas
982242325.64,490167256.24,772003522.36,9/14/0141,Nicholas
686863816.03,736583552.76,535646749.24,2/24/6092,Julian
551824237.35,422909165.78,824447146.61,10/24/8803,Francesca
441617432.49,925409146.23,427045733.88,7/1/6083,Zara
666704539.62,646685629.20,480395469.32,3/26/9360,Julius
936428282.23,114175210.87,666824256.47,9/24/2803,Nicholas
314897147.38,571324190.69,17323485.45,11/11/4507,Percy
963893535.68,370920826.72,848053276.06,9/3/3421,Mark
768902254.74,606642272.32,846115136.35,10/1/9469,Kirsten
749757252.25,339284540.46,804769901.26,2/9/3323,Piper
95616549.56,54740280.56,141047262.13,5/6/2483,Carter
847374417.13,579293037.74,908757705.93,2/5/9044,Grace
716239618.88,381346612.54,168959885.21,4/3/0704,Wade
298302627.38,42508677.17,349274629.07,7/29/0093,Oliver
680901241.59,171943058.19,3618556.54,9/10/1782,Ema
749070757.71,644733554.88,308639955.06,6/18/4480,Isabel
886608985.73,17085040.74,262561957.60,7/17/2766,Manuel
38809004.88,857265126.29,446334039.40,1/19/7083,Faith
422342013.13,62145228.27,611886248.39,2/3/7599,Daron
523056078.44,561234270.98,176300746.19,3/25/9814,Judith
202770482.16,776519266.51,581029679.60,6/4/9926,Ciara
541485614.01,44475824.89,950024645.47,11/1/4229,Shelby
836750895.73,669119439.34,804824871.38,9/15/7939,Gil
610569936.25,810566013.56,652826007.21,9/11/9597,Marissa
147610158.09,89136324.38,646173031.45,11/17/8600,Ron
926076457.65,295538288.93,581421714.96,3/22/8425,Katelyn
657635304.87,740515504.37,626941800.62,1/21/8782,Maxwell
293971201.41,707070202.84,770861258.45,8/25/0667,Adina
910391911.03,566262971.17,586334156.53,9/1/2161,Julian
706424054.49,989121350.77,893320335.27,10/15/5572,Martin
254203072.00,139689316.50,522634975.44,11/24/1342,Russel
54270843.71,821576136.77,288071363.64,10/25/8946,Sofie
457285552.30,945735822.30,402496756.21,3/24/5452,Bethany
386355273.71,35668890.38,251227285.02,4/19/5468,Fred
447329193.79,133845244.82,689710554.73,4/11/4746,Bart
492390778.83,295407124.02,193405702.13,9/28/1965,Nathan
600165184.52,657313611.67,379525313.17,3/3/2360,Juliet
75674822.72,636299683.67,924653275.58,9/4/7237,Leslie
728616340.52,774435470.91,197766590.06,2/1/3794,Alexa
67859027.81,948367970.69,627755228.98,7/5/6389,Greta
492504374.52,730389283.22,511060578.86,2/9/9060,Eduardo
394246962.32,865258618.53,385723475.64,3/6/2044,Blake
635074443.03,894904411.69,172826135.16,5/31/4373,Chelsea
328261713.16,701467848.55,653396728.43,1/1/5431,Adalind
116894820.11,341597141.34,478251543.43,7/14/9656,Logan
963636010.22,615598217.47,802406596.89,3/17/2837,Maxwell
939272204.65,862879926.07,919847124.78,9/15/2522,Benny
817050358.10,567775098.14,339635315.39,4/13/7565,Logan
816733613.07,25760760.97,807522082.21,10/13/3971,Alma
569624472.89,109755899.14,359679245.04,3/1/7524,Phillip
326018132.14,749326067.52,434287256.48,3/16/6456,Leroy
751407472.28,736381106.52,194722654.64,1/28/1459,Ryan
279385924.62,356707665.54,467403225.21,12/22/7833,Owen
461818335.88,491816399.43,471758456.68,10/20/7557,Nathan
302517819.23,177072990.01,409502296.95,7/16/0074,Alan
125006073.11,252074269.85,645816809.99,5/9/4318,Makenzie
151477323.71,227948107.02,988167101.43,3/29/8051,Megan
37434201.78,851906901.46,313687742.06,3/12/0938,Dani
428772845.90,494615224.65,829488266.96,1/8/4469,Manuel
726991575.99,593928167.14,499068658.22,12/27/5922,Logan
141118083.97,116677304.57,977736355.90,6/24/6715,Logan
936371413.16,188631262.27,829851212.01,1/30/0553,Boris
470484123.95,658576456.42,80979821.46,4/10/4974,Rufus
842345490.88,253316410.28,191148693.38,5/15/2911,Rihanna
30667796.32,18456574.86,963711603.64,6/23/9486,Barney
240097344.25,397259766.95,364628687.18,11/22/9999,Tyson
752882087.78,983621972.54,864422965.87,8/19/9197,Molly
440967507.64,446135963.44,676513261.52,12/6/6242,Rosalie
980041459.35,500356983.23,507938337.89,6/3/6888,David
657762440.41,121206336.37,874072557.14,10/28/2745,Rufus
731760162.56,634702246.13,704893932.38,1/22/1720,Benny
369437460.69,454618236.86,628777711.69,4/7/8560,Bryce
399069577.26,174445228.64,954598331.12,4/16/0883,Shannon
257911550.56,996624428.52,894779433.59,4/7/4510,Rosalee
681091080.42,293730572.16,785227537.13,9/17/2041,Jules
201989450.53,569175720.62,952154693.22,5/29/6791,Harry
694784968.33,479485653.94,807405050.17,11/24/4297,Cassandra
822925318.92,553574017.71,566647383.02,8/8/1841,Carmen
16534629.83,665215179.62,922812464.40,12/28/9783,Nick
651209974.26,665978596.60,933583310.94,3/25/1833,Eve
671098419.97,32051054.18,317963671.70,8/11/2478,Carter
504279498.81,874336150.87,16532421.78,7/2/7189,Makenzie
354075919.59,961012061.89,367313013.11,4/11/8022,Tom
365244926.80,861085289.11,974078252.32,11/17/4419,Charlotte
61345788.32,190527534.78,313080203.20,10/31/5716,Rocco
743565893.36,776917836.90,310299422.94,5/22/9429,Martha
922896520.61,626982986.13,658854226.52,10/23/9613,Belinda
923995876.02,671452211.84,66075845.38,4/2/0419,Jacob
547648479.55,228403196.40,746479841.23,5/12/2540,Marigold
569162548.44,911458163.39,768301940.16,2/13/2426,Chuck
267296716.11,800487427.49,879321697.86,4/19/2489,Logan
291165458.56,918183159.26,586219396.69,8/17/2322,Alessandra
464111794.65,867263649.81,885660830.47,6/27/0824,Tony
427672791.76,260873154.95,722473252.06,6/10/4727,David
244142065.98,317165644.85,495127162.02,5/27/1254,Gabriel
997459058.44,909038612.77,929934845.76,5/23/5400,Alexander
425984930.28,230194581.10,490929560.71,6/18/7690,Benny
149556961.24,325208611.55,814170446.83,4/27/8039,Anthony
154153979.70,626935868.09,258209905.75,1/30/7850,Luke
789474480.03,812746680.13,405736323.36,12/1/6798,Chloe
438099394.99,537471860.59,473237002.58,10/2/0881,Adalie
84517933.68,407698921.80,873107098.60,2/24/7595,Abdul
18525755.68,847176763.37,351733644.62,5/25/4047,Phillip
211507695.19,493755732.56,405523820.03,12/26/8913,Rosalie
953580255.88,466258248.28,244231486.96,10/7/8756,Ruth
734429106.71,42657912.71,543876598.80,10/2/7012,Maribel
103128945.20,250425234.79,218182461.92,6/12/7103,Tyson
149614225.12,906200213.12,58217767.33,3/27/0496,Clarissa
982441675.18,297041241.28,324844412.89,1/30/7098,Shay
712486962.08,110346818.30,38004060.58,10/26/1579,George
889548856.58,92418231.69,86360491.13,5/7/0634,Sienna
626159509.43,667591522.75,407288298.60,2/6/1819,Francesca
216420844.75,425184265.04,540865862.21,3/10/3984,Molly
798095534.02,731330756.16,721886085.77,2/11/6835,Ron
914357676.41,210073326.69,388515520.19,8/8/4716,Camellia
700560208.03,863499720.15,160432193.40,11/14/4109,Greta
871592217.02,642501267.18,173760045.26,6/25/7013,Kendra
2355612.71,23582654.43,406164233.36,1/24/5774,Nick
909078972.53,993263748.88,664245596.92,4/24/5771,Skylar
551875523.30,858548960.91,416256164.34,8/7/2584,Kenzie
374167672.98,342223811.67,344128877.27,2/11/8520,Rosemary
263052601.83,477001609.15,237318467.13,7/9/6667,Liam
502681291.66,264264915.20,137032230.58,12/2/7880,Rufus
582309284.90,648735532.19,967005388.34,6/7/8185,Owen
858892775.11,648834341.78,67231621.97,3/25/5632,Abbey
3699572.65,339141856.97,160143569.09,9/25/2636,Destiny
479783771.47,216348447.55,833627931.27,2/23/0792,Callie
929194597.01,107897094.41,977658418.78,8/11/5801,Celina
3444250.84,443517375.94,951617414.93,7/4/2668,Sloane
750993724.02,888386583.83,153460599.88,5/3/6636,Robyn
982979069.85,744556211.54,213696686.22,9/23/5978,Michael
830814500.14,335846778.09,406774478.28,10/28/4969,Mason
891206390.75,196265729.85,305953482.86,8/11/0137,Anthony
182594074.72,851380378.31,718314758.79,8/17/3147,Kieth
546465419.58,923373215.03,810569859.43,8/19/4373,Caitlyn
24692288.75,204276759.42,884496510.85,11/24/1920,Noah
427830557.18,894732717.92,197823965.81,11/12/4878,Daron
937645859.99,885372494.37,856441522.49,1/13/9106,Adela
583405603.90,968338542.63,706399659.46,10/23/8311,Andrea
537900542.51,272637336.38,295581819.66,10/12/7088,Chris
961901016.83,680624540.70,324844704.51,10/19/6150,Penny
840222685.86,286398186.29,351121339.00,6/26/0615,Rocco
213564626.53,103595024.41,680218577.45,8/5/5338,Mason
780229895.13,986181672.16,623992191.56,11/24/7332,Luna
373940240.42,491285796.44,412037315.78,5/30/5053,Claire
403065730.21,358544263.45,387895082.23,1/3/8898,Erica
8869187.90,74620195.83,524721546.21,6/9/1728,Estrella
955364688.09,697876638.63,566895853.96,1/3/8805,Joseph
200179015.29,228297793.94,80050870.77,10/7/2361,Marissa
708788007.67,179194705.79,163949197.24,2/2/8072,Melinda
533583465.26,201139316.24,526182472.07,3/3/5651,Adina
982944684.23,163673033.22,433718395.07,10/25/3601,Candice
781018084.09,279570427.41,383489284.03,3/31/2469,Taylor
571854998.00,441086254.84,709640002.62,5/10/3741,Harriet
75653234.59,299528778.10,734448063.81,3/19/6439,Alice
789289140.15,434700766.11,409859757.53,1/29/4453,Catherine
626664812.53,971011210.04,810550661.87,7/25/8525,Noemi
726828337.14,371165217.98,286168127.06,4/23/4805,Robyn
182401603.26,642219000.51,495009850.75,2/16/1040,Camellia
840446915.61,538409166.47,454857273.62,4/22/1463,Nathan
155178572.46,766722871.77,863334625.38,1/4/8929,Manuel
226512792.34,345745883.54,244766347.60,4/2/8432,Marvin
518740632.01,809598683.93,861152496.61,11/2/7403,Summer
985436599.33,868505151.57,971556480.86,7/18/7299,Maia
269943816.61,195833581.21,799873268.52,9/3/5994,Daria
569408733.97,758114648.87,673914547.32,10/11/6740,Jazmin
736174413.27,890824831.81,431906094.72,9/16/9277,Esmeralda
409278638.53,739445371.35,776471237.37,7/10/7107,Angela
99263779.86,752260264.44,315063473.39,6/15/1392,Peter
632788427.79,561438940.61,159420162.72,1/9/0879,Nick
576090566.32,74143203.61,603043693.65,3/24/8276,Fred
963339733.49,214568586.37,553269134.70,8/2/1891,Samantha
804892172.11,738832318.36,927189378.12,8/31/6953,Hayden
319378514.53,353133314.41,457575895.75,3/22/2523,Anabelle
506867274.72,323711140.61,318845988.34,3/21/0922,Erick
912762545.47,793984630.15,190321288.12,4/20/1857,Deborah
347247368.78,666521199.30,961133892.97,1/29/9069,Manuel
799300541.09,272494413.05,514870304.50,9/23/3891,Camila
960368933.10,556809751.96,799519657.29,2/23/0366,Sasha
674395082.79,401575565.63,180685422.99,3/23/0353,Karla
846416513.14,841468142.13,832796421.82,9/3/3051,Bryon
414913016.95,20204240.18,34418988.57,7/2/5487,Sylvia
95863270.76,51109119.73,819931146.65,11/29/3803,Percy
444509639.90,452162877.84,992823861.77,8/7/2565,Barry
966859477.86,807406305.04,33729468.85,4/4/2808,Andie
769889824.57,672159451.63,294611514.96,6/10/1098,Sofia
117621078.71,508555138.05,476721083.38,5/12/2666,Shelby
847524871.34,344205184.90,171620204.00,7/18/9029,Henry
97953241.63,704843144.49,432128505.25,10/23/4027,Carter
341570686.23,636488633.38,853391676.48,11/9/5351,Mike
616265661.21,790918908.83,453682785.41,1/24/2674,Nancy
671012881.77,121851242.29,413851434.16,1/23/8353,George
364634889.52,471163577.38,841512560.12,12/2/6166,Liam
463455251.57,156549261.72,408234511.18,1/3/6920,Fred
362243707.25,539465894.65,875391120.61,10/29/5407,Nick
936544666.89,899456795.52,470547127.57,5/15/9998,Alex
999987417.12,763722749.23,325364115.30,1/3/6729,Matt
579173549.97,511881329.24,208356285.28,3/30/5705,Remy
283420680.18,783822802.70,788545581.79,3/24/1875,Owen
844665842.31,273567616.35,173615017.89,12/17/1311,Iris
56462433.76,713563965.61,329185169.21,10/8/7358,Tom
520047781.97,787706768.01,202413207.56,7/23/1658,Domenic
5715191.22,443357286.22,89925960.24,11/29/6525,Selena
78279037.57,133391983.22,961792953.87,9/2/4237,Rocco
102098028.12,344277050.31,141313072.06,4/8/1818,Oliver
762212993.52,689026472.10,589854148.97,6/17/9110,Eduardo
422197800.94,919737110.45,329589789.79,3/11/5399,Percy
890968768.34,835022046.18,100020546.34,10/24/6638,Julianna
180197752.32,12401002.39,212874386.59,1/5/8811,Cedrick
135821274.73,973573508.57,273934336.73,1/6/7117,Bristol
137358848.73,138262007.98,95270145.67,1/17/6656,Quinn
780558545.15,668929487.81,358296413.77,5/15/7871,Bart
370025026.09,990537370.24,315182704.94,12/1/0365,Leroy
451240375.90,247710283.51,49148787.50,9/12/7106,Kurt
58136607.91,164530646.63,930531667.03,8/8/8020,Oliver
679274134.43,80159617.55,441132504.81,12/11/8900,Denny
523378340.27,127100098.95,927812505.39,1/31/9096,Natalie
771457764.40,532018797.08,959897204.75,10/25/8041,Alexander
415465992.16,217061161.65,77982617.77,2/27/2194,Percy
905309276.85,571093344.29,859298028.21,12/6/7023,Courtney
276321655.81,58723676.15,379868850.67,4/4/1640,Meredith
171984881.26,323976373.53,649635559.30,12/13/8566,Ethan
180144700.51,823044875.09,542142247.02,12/6/3706,Sylvia
713879059.07,494236706.88,544098218.83,8/9/2204,Carissa
883322905.17,160665288.95,814607527.72,8/31/7483,Chuck
848733191.08,736730663.41,135972510.79,7/23/3849,Harvey
810441106.98,519319089.46,653768222.78,8/16/7987,Elijah
864211787.43,929570123.67,429556696.97,11/12/6415,William
95543860.81,262734335.52,419087010.13,10/18/7180,Tony
195745980.29,748402742.85,149327560.59,10/30/4746,Angelica
863583503.72,564530200.91,411511940.05,4/27/4838,Tara
516264223.28,957076499.27,503870237.37,7/12/0083,Peter
224529278.79,616481836.50,152209699.40,10/12/5886,Esmeralda
561088216.81,418748473.31,95598801.95,8/9/8937,Bryon
637603603.21,122941305.51,360459025.26,12/29/4198,Julius
432068643.98,31391548.54,465277581.64,8/2/5866,Danny
952916880.70,189233843.34,197481135.33,7/6/2130,Violet
281926352.08,366372174.00,132360432.88,8/29/4550,Liam
919756035.35,676553962.29,315791254.37,2/7/2446,Scarlett
74330284.08,574871348.92,211795061.36,3/31/1633,Leroy
269800132.59,831701983.74,800719388.57,1/1/5737,Luke
653021415.92,6329595.09,502603376.48,8/13/4433,Carter
307950948.54,924525730.76,635181385.19,2/12/9989,Agnes
538336147.50,581153448.93,853325153.40,5/27/8455,Brad
357160073.08,182327176.63,643357761.40,2/4/8504,Jack
645213530.81,519313181.62,75678069.59,6/13/7472,Michael
902195812.51,1618517.13,857428122.92,2/19/3916,Lucas
11887513.37,189734536.69,444416460.45,8/8/0557,Josephine
878377816.22,924062530.07,984198825.91,8/29/3879,Sofia
401233021.72,709419113.75,388087004.86,7/14/9879,Liliana
396960699.05,913794165.45,225676857.79,7/2/9315,Leroy
997679594.32,592333590.37,247180394.33,1/7/0316,Stacy
744551624.31,370609786.21,330734319.28,3/21/6253,Ron
991732767.94,850140708.74,250728577.15,11/22/9065,Raquel
265169778.62,762948212.09,928820935.78,1/7/0729,Carina
419404377.72,252775030.95,337855156.34,4/12/0256,Mina
475693078.29,578887155.49,151420179.85,12/21/2662,Tom
513392222.54,989231258.83,142103910.34,7/17/1687,Jaylene
893903091.96,100238401.12,48305444.97,3/28/4295,Liliana
203289412.58,187540342.91,919890668.03,9/6/3594,Marissa
347996576.20,640662892.30,493301804.57,2/4/0696,Willow
753816589.14,622410229.59,870793391.34,2/21/4701,Miriam
150353472.26,885727909.21,573146275.20,3/27/7555,Stephanie
326470023.13,109895070.67,386590468.07,6/22/6588,Rylee
409888012.77,248350887.43,70943954.38,11/21/8736,Kenzie
685908653.86,969996618.78,293194084.24,6/5/6713,Sasha
232747102.80,670694948.86,695632993.47,2/21/5716,Kurt
950569165.32,281954191.14,426630254.78,7/22/2776,Ramon
98528367.88,861402372.74,322576499.70,12/1/4121,Maxwell
707441336.02,297917280.10,510133859.00,5/6/1251,Belinda
960907306.53,26879741.58,494175908.02,12/20/7704,Joseph
608587847.83,833890736.41,695699233.16,12/30/3010,Marissa
484764487.17,734631040.98,752582945.41,1/19/4528,Samara
673428272.83,143952904.48,733561038.84,11/8/4551,Shannon
162277719.72,882377277.91,864171029.38,3/28/8456,Barney
285187736.79,602534392.41,695843719.83,2/28/7586,Jules
13057097.82,712973088.28,555867784.88,4/3/1540,Harvey
523710088.54,69156783.68,46045288.83,9/11/7051,Valerie
241654323.05,863003628.43,725454005.78,12/13/6396,Cedrick
666975213.57,394040825.21,462254690.10,11/25/6396,Josh
756717518.08,670888557.21,333275950.68,12/27/1359,Andie
14915769.72,275264480.90,411884428.69,11/15/0498,Marie
439668258.49,594978237.63,184628738.97,8/4/9633,Ron
106667267.43,790585878.31,879817659.71,3/31/4288,Maxwell
822333637.74,821759859.29,518295333.38,7/27/5143,Mavis
81271035.50,4145589.65,808857155.36,9/23/3511,Kurt
900947966.74,628162567.93,593299993.11,4/24/9530,Harvey
143355876.68,155271199.78,193261335.94,4/23/5673,Wade
706363674.78,85905402.16,532459208.89,12/14/6902,Lara
749884335.58,141350006.96,237474677.21,9/21/5453,Erica
209458885.57,114084946.11,65783741.88,3/30/3221,Analise
27687806.79,23642314.41,165530574.62,11/1/5060,Sabrina
798151916.61,678691549.45,404707540.00,1/9/6851,Anthony
776068508.58,123478407.06,517758369.43,4/12/2627,Eduardo
190307391.14,59945700.07,50676362.21,4/10/8388,Nicholas
200935234.88,546206063.51,566049103.07,9/20/5520,Mary
498062903.44,785782543.86,115709458.53,1/25/2502,Leroy
941711860.61,98976707.06,115721208.12,10/7/4243,Hayden
887803453.75,932715218.28,771584457.86,12/14/6098,Ryan
420526670.98,715385973.01,254383513.84,10/11/7874,Ryan
975623273.49,957433938.72,636652159.36,9/17/3151,Eileen
599955785.97,702955924.81,621755894.13,3/28/7532,Martin
406690776.42,17169954.43,876213827.89,7/8/0212,Janice
903035144.89,492684262.15,160159559.74,12/4/0230,Taylor
133769143.98,347567173.49,528554990.10,6/12/9091,Daron
340279308.88,958178699.69,122988592.36,8/6/1865,Marina
633610519.60,306290355.30,469566114.36,5/17/1260,Mark
543948480.53,77494360.07,72171306.83,9/4/4252,Harvey
779796204.33,153395906.64,163256133.79,6/29/6330,Jane
798144059.60,13496528.49,696022237.25,10/30/2051,Marvin
287204607.11,546477788.83,998786182.83,10/11/1408,Amelia
209095107.48,893700324.23,95067183.59,4/18/8339,Katelyn
812655954.93,385040498.33,69566030.20,11/7/6947,Denny
240598862.80,710986598.24,479729533.50,9/28/1433,Parker
357798800.98,517132555.99,223626244.22,7/15/9296,Payton
442744020.81,289375108.58,333622335.80,7/5/9553,Ramon
878327777.59,443697756.16,5046681.51,8/9/3870,Ellen
684191981.70,498630936.96,627721936.22,7/6/2164,Drew
212265242.56,436144842.28,919672693.63,6/15/0914,Livia
780832380.76,133823030.33,692144572.08,1/17/4131,Noah
303613917.00,24004288.90,625810439.82,2/15/5062,Louise
70682976.11,17964239.02,78801584.46,7/22/0963,Ethan
84915039.89,469310664.71,233106399.52,4/14/8446,Chuck
606432749.19,889805043.17,718989217.88,1/3/8299,Leroy
61668392.39,193786394.37,102812433.44,2/22/0474,Harvey
354470118.80,999069152.28,925391652.94,5/25/7879,Lillian
571535873.93,740050526.70,40091292.17,10/8/0504,Catherine
329823984.48,910375262.22,756113376.54,5/28/1040,Harvey
884272071.55,85436050.87,899599449.99,8/1/4488,Drew
701264458.35,393547530.65,110807589.42,3/14/1074,Adalie
28911526.57,511137100.59,991086040.97,1/4/5256,Harvey
81504909.18,497797736.64,437271575.68,7/2/8646,Clint
147289984.45,334435588.94,44720539.35,9/22/7635,Paula
479245756.86,975545521.01,775993921.38,8/9/0666,Ryan
924681966.47,31123652.48,293020550.92,9/14/7678,Hope
635239992.58,374764160.76,57490868.09,12/21/8759,Marilyn
702339191.86,252282724.30,667009187.64,9/15/8833,Matt
316262666.29,433594449.69,869071149.55,11/12/2737,Paige
1954400.30,822733930.44,32193676.13,2/5/6006,Stephanie
664778309.46,628326063.42,216931813.21,3/17/6578,Hope
657570473.18,575515473.78,895331352.78,6/4/1732,Joyce
812848600.45,206917933.76,800294093.26,1/29/2710,Gabriel
920573105.85,162023088.20,778588076.14,8/6/6328,Enoch
550428653.82,860305711.52,275900654.51,2/14/9498,Oliver
275416.90,434081864.30,526399221.58,8/8/2608,Hayden
619816632.97,487376504.35,424813351.10,12/26/5061,Elijah
403581195.75,591301564.00,48302988.42,7/18/2433,Elijah
703402163.33,678221302.28,790428308.12,6/20/6924,Karen
21897085.60,182328675.06,758889297.84,1/1/1017,Cedrick
988079129.26,611157043.74,927060726.21,6/20/7934,Owen
419155836.23,971205801.55,665969293.82,11/9/0309,Chuck
238074412.18,896645424.40,290517916.56,11/22/1789,Jayden
508134735.96,453028531.74,25805237.68,10/28/5344,Catherine
873768241.55,975920590.87,419366821.31,11/14/9386,Camila
311349191.39,937170686.21,432227602.39,4/23/6494,Bart
371893807.29,558544804.16,752414808.57,2/22/4899,Caleb
583624170.31,833780076.13,959419815.59,2/16/2514,Ivette
739979987.32,978534771.57,443005548.12,4/8/5918,Martha
751460562.77,948813677.71,674605482.35,11/13/2149,Mary
557863388.52,561635195.35,188766143.70,10/8/2502,Tyson
590265437.92,702667212.41,774361613.10,3/14/2262,Jacob
639636607.54,669060272.11,489817850.49,4/25/7732,Ronald
562674226.24,244898090.81,16452836.83,6/8/2811,Carl
649298687.81,170840266.77,973127270.31,4/1/3198,Fred
28132401.14,177349749.36,150281919.88,7/27/7313,Denis
850344033.41,300516872.97,419286801.55,8/10/8349,Julianna
317552200.01,567582997.39,533045309.15,7/6/7843,Mike
656001190.92,677687759.47,789034422.38,10/2/8325,Celia
9359574.35,438218427.59,541663404.59,12/7/2287,Bart
316015540.34,204418198.77,994202777.66,5/25/0020,Nicholas
873407551.37,330237809.04,86578798.59,1/29/7246,Jacob
711594054.20,644403226.94,367789943.68,4/12/1881,Chester
178816577.07,876563694.30,636062229.66,2/20/9364,Fred
261115478.19,22416411.10,768775156.37,3/26/0534,Makenzie
15940462.06,886048000.95,239120347.15,1/12/6315,Marigold
710469749.43,43487747.43,69624824.80,11/30/1554,Ron
655021821.09,393870325.50,480683506.84,12/17/4787,Parker
776372855.99,343072169.88,304578731.38,3/9/9552,Tania
323368167.63,240358384.17,863097499.28,5/10/3183,Mark
760108285.13,858712075.38,406546786.70,3/27/0126,Phillip
452618640.28,470970431.10,515985042.30,10/20/8408,Hank
600127736.31,297214852.73,759713012.74,10/27/1897,Livia
517195038.58,969278255.64,988319209.76,8/18/2009,Anne
809438560.21,28756279.08,869668802.64,3/19/4474,Enoch
400097298.28,872776629.40,280119709.59,8/23/3849,Rae
333325983.20,665858815.95,849722934.33,6/13/8814,Lindsay
709631735.11,196170931.06,746362712.41,2/5/2299,Alan
882533638.80,573427705.39,774533366.46,3/13/4218,Matthew
972646264.50,859779428.62,121997416.34,4/15/5080,Johnathan
389542950.33,512527056.76,64173776.07,4/8/1380,Ally
753508170.49,666158230.13,291233777.40,3/14/9192,Bernadette
547138558.61,391767062.46,362982623.55,2/22/3398,Kieth
946477446.67,451258383.55,952540761.29,11/18/6998,Hayden
670526300.38,395868076.96,407709412.08,12/16/8114,Elijah
681682797.67,99381153.42,621676564.51,2/8/9503,Alexia
952509932.37,666609505.07,830169938.07,3/1/8091,Kurt
154271180.38,147902892.03,590170541.14,1/16/2047,Liam
186290800.28,389544545.93,856640654.51,10/13/1340,Janelle
408601894.74,29344975.17,457766266.47,2/28/7116,Brad
360618033.92,761690305.36,14388510.51,9/28/1672,Josh
684102471.88,883551822.23,629076643.34,8/16/7945,Rick
109731652.04,221847547.99,285134746.95,6/4/3971,Carrie
753136208.78,437124545.69,603665062.05,4/14/5472,Jamie
584656895.48,289537856.54,318504247.88,4/29/8724,Elisabeth
283393154.18,670653486.54,991278121.82,9/1/5246,Audrey
904485668.11,779749906.32,559028561.60,3/16/0049,Taylor
663358362.86,754740403.14,274280100.31,2/22/6294,Lucas
381965102.01,28963892.03,958268420.95,8/18/2631,Martin
98709481.55,695377588.71,903543793.62,2/18/4277,Bree
60355789.38,263122554.00,320522600.63,3/20/3183,Helen
569508721.97,668575635.60,382044622.77,2/25/7932,Robyn
617643359.92,941227511.91,30831252.76,12/19/6534,Grace
684245555.26,314234222.38,120569253.19,5/4/5057,Charlize
950479139.82,256215015.00,75788185.65,2/9/9113,Nina
688988192.40,415166883.94,700202131.42,12/14/4261,Candice
455964057.41,103966724.03,38541160.30,11/6/1009,Cassandra
508684593.65,437194443.47,983907983.46,5/1/2405,Julius
773906964.57,44843355.20,715782925.46,10/7/9337,Angelica
549750403.88,477588974.04,442560908.91,1/10/6097,Jack
985664249.95,690390860.54,851090549.78,2/13/2401,Leroy
254780491.90,759939552.33,75326641.10,10/23/3021,Emma
979333201.20,698228900.97,307623509.01,10/17/2738,Barry
771603236.39,7841011.13,896619052.01,1/4/9352,Mike
147298799.28,604564824.34,906268276.06,12/21/9445,Renee
80348359.27,231053116.72,114436488.69,6/16/3383,George
96155852.18,475410444.10,841145055.76,10/31/4875,Rocco
404816536.94,659259401.08,51085673.00,11/17/7345,Bart
776731967.22,47070878.92,666522151.52,8/16/8428,Sebastian
583806109.85,368179666.27,96874438.59,2/24/2263,Janice
34684231.26,208017496.69,262131481.37,11/2/8527,Jaylene
715272974.56,308009386.90,317802741.67,4/18/2926,Aiden
632744639.47,90322301.24,134022751.13,11/11/1861,Josh
315046025.15,888474358.36,68800909.51,5/11/6000,George
279564397.33,601896063.77,915246020.83,10/18/4844,Moira
276166491.61,601872794.00,660437178.75,1/21/7148,Christy
785906525.93,414445880.19,329006932.75,9/16/6755,Doug
524156098.42,653681188.08,384092293.78,9/4/6320,Roger
903996082.60,76827019.78,31173178.70,8/30/8606,Priscilla
413769875.30,776674489.02,329195846.17,9/19/8767,Chris
97448939.64,462660019.89,272444751.27,10/23/0808,Jayden
677393918.90,855621460.21,695819124.59,5/7/0614,Marla
7468532.61,981116010.91,217803761.37,10/1/8116,Ron
241655954.97,102644144.47,352342737.29,7/2/1466,Penny
318647491.66,23876122.06,734467466.39,11/21/8074,Kirsten
291805734.17,473539668.47,144105135.18,3/25/6175,Eileen
485355020.59,738681455.14,520228558.21,11/28/0760,Harry
344462963.75,373720647.73,26641738.25,3/8/4256,Natalie
817593289.67,313903391.84,425970134.50,12/9/2105,Ryan
650346807.66,910427297.76,298744733.92,12/23/3828,Carl
802348127.89,816640518.97,34427091.10,7/5/6342,Aisha
893555294.24,538043518.78,340328696.74,7/6/8611,Henry
338082786.66,568168099.17,62112029.44,9/26/6132,William
679965503.24,824232384.59,665439103.53,2/24/7354,Candace
379530211.60,400633433.84,58522270.08,1/15/2126,Goldie
536099069.46,978295043.97,940186811.43,8/8/2986,Margot
912166689.27,379370657.65,493402645.98,6/8/0265,Kurt
38401279.78,839411736.46,709900163.46,1/6/7208,Deborah
554972016.76,156738150.91,766188730.90,8/22/8519,Carter
703341113.57,80154377.83,426910201.36,5/3/5776,Eduardo
589173442.83,261229816.75,282077881.87,2/2/4950,Barney
822696682.12,507115289.90,657622991.42,6/4/9512,Abdul
379790207.89,799699073.25,875160920.03,4/28/5348,Nicholas
636698745.11,94600804.63,804613888.46,3/18/5656,Colleen
852745319.68,368904056.25,569527220.19,12/16/3084,Chadwick
71980404.25,584253389.19,640924590.06,7/16/8957,Jessica
321625390.32,934215161.39,487972482.23,9/8/6669,Molly
656946030.28,464680118.64,685734298.78,3/21/8587,Renee
879791116.37,886705962.42,455890269.18,7/12/5096,Jolene
259060877.92,47650686.84,451233490.34,4/27/5228,Meredith
591826391.26,142801516.02,716462155.74,8/9/8140,Erica
346669095.25,572266115.69,981377856.12,10/27/7711,Eryn
735805785.02,67296319.40,175528605.98,2/1/7007,Rocco
40949498.49,561113293.68,2485514.31,8/15/4989,Shannon
766489757.83,599620733.74,619564737.70,9/14/0077,John
673435108.41,447783730.77,677638709.02,6/7/2832,Selena
554808193.09,837932885.04,712864721.50,9/23/3594,Martin
382013703.96,869502434.14,520248360.45,2/16/3239,Ronald
859926473.73,203104808.39,647650783.67,2/23/7844,Hank
859136270.96,667184747.38,15978915.47,6/26/1720,Jasmine
151745483.15,298501323.97,48773271.98,1/28/2734,Macy
296591756.97,157332591.85,78986370.24,7/7/1583,John
780558315.95,649583003.74,691530652.20,8/29/8066,Fiona
375942540.81,345098048.20,838855360.49,10/29/4487,Henry
317535077.32,731069387.54,947020224.12,9/20/9393,Maxwell
333657864.53,999781331.88,443264221.43,4/25/6501,Peter
894119311.96,430968338.28,890730448.67,3/7/7752,Tyson
467078556.26,807618960.22,547480876.42,9/16/6319,Candace
493396156.57,165960997.35,30779369.27,7/30/3057,Owen
689550819.66,921556940.20,967323054.09,11/10/2328,Luke
621220675.43,262263794.31,24332195.84,3/15/6450,Hayden
502265007.42,68903279.60,300567239.76,4/10/5253,Caleb
501167539.43,666100765.53,11254987.14,3/4/1924,Sofia
7505721.99,636936942.00,819710191.00,1/13/8998,Chanelle
22636684.63,426835224.35,103728599.41,9/6/5623,Harvey
175740534.12,638800323.95,933882971.93,11/8/1757,Naomi
123487255.52,182673296.62,918083533.96,12/2/0265,Rufus
713092955.84,760658980.74,424861786.93,6/24/6881,Clarissa
359182697.95,629448639.94,420682529.18,9/5/8515,Wade
231033411.94,885259850.95,343940713.91,5/6/8609,Alan
165271310.44,90217256.77,784409740.95,7/20/1328,Jessica
333362558.09,484099623.55,270473129.96,8/24/3335,Rufus
42123391.74,293129909.27,182711178.77,6/5/0967,Enoch
93345596.09,765700364.09,984272919.15,12/8/8883,Rick
424865644.31,783241327.65,928401034.64,5/30/4817,Sara
660749264.86,897144489.92,381446323.16,5/15/2555,Russel
191402323.24,611778852.46,290176333.75,7/18/7964,Denis
990955159.45,168882832.07,54223882.79,3/31/0456,Hazel
251501282.97,371488582.52,661488094.81,12/25/9438,Julianna
29096149.02,696536097.18,812777579.60,9/8/9111,Carter
993118437.18,743225466.53,457828587.97,10/10/8206,Dorothy
380305090.27,463684952.32,92386867.92,11/24/0140,Bart
90884180.86,671356202.77,812799299.80,6/4/0981,Maya
71411290.42,463679096.89,778523313.99,6/5/8692,Gladys
134157107.60,532082835.10,12540595.54,1/17/9492,Marissa
299986508.06,654644224.01,394161421.99,11/30/2810,Maia
458008083.13,613249197.99,615225320.51,3/22/2290,Adina
272222721.00,212429056.50,486675129.02,7/3/3374,Rae
337329846.86,142721037.82,94201959.86,3/18/7945,Owen
923544198.95,893438047.63,478545642.72,9/2/5367,Boris
774300339.78,457755439.72,648302663.88,8/9/6903,Esmeralda
363272603.41,621460978.20,337942436.48,3/7/8669,Rosie
127350084.70,885375067.26,331240667.42,11/22/2997,Robyn
400927519.07,500167586.47,167721853.05,10/3/3404,Quinn
97529280.34,829601152.94,570154170.32,3/22/0396,Harry
995238242.43,258806149.13,590108544.76,7/26/6372,Kurt
982762340.40,246449582.30,988191026.55,6/14/2343,Javier
588147863.36,330116563.80,707260229.60,2/21/1192,Audrey
792964664.21,443607718.54,499329540.65,8/31/7065,Anthony
78048719.73,457508931.65,691570824.61,9/17/5141,Meredith
426723451.84,909226202.76,185650412.32,11/11/7924,Erica
102633993.69,491470526.78,109176732.37,9/9/4578,Anne
142551322.47,783517587.87,40506417.30,3/17/4837,Cecilia
745635018.94,607102739.21,770069151.53,10/25/2513,Angelica
114003989.74,70347698.88,806157043.51,5/28/8302,Chloe
540780754.92,387627063.63,20675996.98,4/5/0963,Sabrina
767326691.25,255544177.87,905493857.14,10/31/7491,Joseph
224956486.60,722835811.17,382223352.84,12/11/5323,Ron
142249061.62,553027426.24,587821604.66,12/6/4187,Percy
256364931.96,364429116.98,187695791.16,5/17/7987,Lucas
259844780.93,507964024.74,301844586.22,8/3/8427,Julian
590389684.51,870672759.26,366672103.48,4/28/5963,Noah
479732491.55,621085422.16,90543375.92,6/20/6785,Ramon
150532026.68,977967192.48,61901105.24,2/12/9879,Jasmine
291345477.54,388701638.69,488396326.08,5/2/9380,Zara
601053406.68,787522693.66,730299132.67,5/5/0581,Rita
497343758.11,258411257.24,173861848.06,12/9/1927,Hayden
527865098.99,569164708.14,193987808.88,6/14/6349,Hannah
451090101.33,117252109.56,25496620.93,3/19/1512,Maxwell
823025175.69,924210628.96,892189324.86,5/31/5913,Lucy
102086907.92,264386700.65,578870518.04,11/12/2551,Kurt
944139225.63,370699273.23,790877489.79,7/5/1245,Nicholas
958405906.67,173440478.57,635656249.22,5/25/5679,Russel
668362689.51,498695956.38,450438418.93,9/14/1483,Matt
488586398.36,868162065.02,110604438.31,6/17/9546,Isla
871026510.69,634730859.00,310414296.58,9/16/6399,George
293334411.74,371876293.86,44266534.37,12/29/5999,Roger
356253480.55,105417915.90,417921346.55,11/21/5106,Erica
290443253.14,634300029.32,441738114.44,8/8/0820,Julian
934530215.09,865268798.22,164094932.81,9/18/2467,Owen
471841717.74,153655327.63,751186697.65,1/31/4662,Ryan
739376579.28,434994877.21,832898296.85,4/14/4656,Cassandra
682206246.29,740213585.01,347443850.56,9/25/1579,Manuel
291222710.45,475573181.15,116947392.03,2/10/1413,Jamie
375184897.03,123261445.75,897839225.87,2/17/9418,Tom
914075962.46,351750575.67,449907302.65,5/27/4032,Carter
377834155.31,656203821.79,594526878.63,5/15/8128,Martin
433076950.41,29189773.62,929801556.12,5/12/9159,Megan
675894074.47,876826683.87,562194145.62,4/18/4617,Sylvia
218304030.15,141562703.15,12682547.23,5/1/6642,Alan
618212213.78,937966225.31,821067645.46,8/1/8741,Percy
758105519.94,154637343.18,391288517.00,7/17/2018,Lucas
973619655.77,453039215.28,346270542.18,6/12/8356,Sebastian
679445735.15,817122094.66,869055740.01,3/9/5070,Nathan
75455114.48,669823214.83,836246794.55,6/15/0147,Bryon
2998109.60,21093628.90,161057956.48,2/28/8953,Michelle
178228418.55,820819782.02,938504253.18,5/12/7500,Elijah
506441120.01,801626219.68,817377805.08,1/19/4042,Phillip
986491845.61,60559920.55,120853165.46,12/25/3726,Ilona
728329869.99,234234413.19,406721552.38,8/7/6725,Molly
677846032.21,108703207.62,969272616.98,6/28/4255,Estrella
121723747.20,836607533.92,12605554.50,2/14/8889,Louise
842748701.21,115991612.44,92314850.04,11/17/8727,Liam
354250262.75,732764264.00,4327865.24,2/22/3975,Henry
542703392.76,605151482.90,266629420.32,2/7/7972,Enoch
865341282.99,321071609.86,677312981.21,8/9/1196,Renee
765565616.89,72294121.12,113781845.77,2/26/8693,Vicky
430011294.97,564331693.90,109401185.71,12/3/6447,Lucy
915852470.54,500929032.75,782644520.86,2/28/8841,Charlize
245125368.68,52828419.49,414099529.83,8/24/6236,Hazel
640785349.22,105731359.62,285355232.49,12/19/2791,Elijah
273447387.12,157887324.28,23426061.28,12/13/1434,Ilona
654465667.16,656748634.14,349220348.17,7/24/9162,Rita
752202169.27,327236303.70,67877588.34,2/8/6095,Sharon
677011639.35,934384526.82,841075272.34,12/5/8650,Cassandra
834952495.13,443497824.59,142008046.27,5/19/4622,Caleb
952670654.44,15131769.50,581803308.46,5/14/9587,Juliette
237792293.10,90292886.77,931684612.66,7/14/9834,Hayden
897845559.02,44861683.20,16542774.74,4/1/2874,Violet
329621330.37,867707146.11,714933037.79,8/22/1845,Karla
182341102.70,544999025.35,616337741.45,12/5/4519,Harry
418168947.76,159196151.21,73716647.39,2/21/1849,Jack
792878545.87,363603559.52,14792561.39,9/11/2650,Matt
192232583.94,460884487.37,726063188.11,7/15/8237,Johnathan
627661451.98,400165670.28,254715804.29,2/16/8105,Diane
84013869.93,738603033.18,817256325.14,1/11/8993,Matt
929007880.81,333728200.12,867413433.19,4/17/7969,Jackeline
992476646.99,203581379.37,190723295.53,5/30/0641,Adela
373214650.64,430112714.63,404674005.28,1/11/2173,Sarah
960096509.69,623778146.07,183741738.07,7/22/5661,Maxwell
938018636.53,226228353.21,773625399.80,9/26/7493,Angelina
760061523.17,84237510.90,189479146.10,4/17/0724,Luke
903388435.00,27840053.32,150270506.61,3/1/7473,Julius
50266662.00,16363317.16,516714574.14,6/9/9155,Dani
981711662.66,487830926.94,629709448.46,2/10/1923,Dani
774592707.43,62354571.92,794723193.08,10/26/7757,Holly
83574819.91,209698753.50,846663565.99,8/17/5605,Bryon
122344578.80,41459366.99,407631263.51,10/30/7578,Nathan
74003615.00,623358895.86,621576363.15,9/11/5294,Hayden
254176230.69,329156371.13,164147621.80,8/29/0874,Hailey
35489867.79,752569049.97,450375557.53,3/6/4892,Hazel
369084886.70,884476225.54,485745721.56,12/14/6734,Boris
182844217.63,161452680.89,152108674.63,3/13/9927,Clarissa
394470957.56,323101956.29,813900875.02,11/20/1958,Cristal
918591286.54,273678781.53,902839616.97,2/21/0501,Mike
364574728.60,691982735.90,130809760.93,1/3/6403,Cherish
240513301.39,5375808.93,126490134.60,2/15/4542,Chuck
354092058.46,594862010.23,581423336.12,4/9/7763,Carter
324835451.30,999837982.33,842091060.02,6/4/5999,Adela
968674969.12,586701479.45,581346495.09,10/28/9426,Luna
335096119.41,156219039.75,275546823.79,11/15/1578,Oliver
602145880.12,858397256.86,93827440.11,8/18/2103,Brad
528711059.32,777620098.68,562207542.25,1/7/5946,Angela
862754686.85,591192956.61,188303911.55,3/28/0511,Holly
229518982.09,577017509.52,874499882.53,3/8/4944,Wade
11407515.48,173421758.21,193552392.36,3/20/0676,Aileen
516004478.60,819681377.62,27893407.08,12/7/9317,Russel
674125614.08,365551939.23,837542830.74,2/14/2904,Andrea
380271917.84,987009127.16,692909009.58,6/21/3368,Angela
713823427.87,228280750.06,767949240.46,7/8/4838,Kaylee
994639809.84,432692379.38,133745214.83,9/26/6225,Lexi
96239235.77,75364741.89,980702065.65,8/26/3838,Erica
513397663.23,395069593.17,153814535.90,9/9/6887,Javier
149262704.96,671687583.26,708148589.12,8/13/2662,Stella
380058475.60,713222670.38,313519640.20,5/5/0350,Hayden
435724658.45,724575303.10,418589460.56,4/7/8930,Boris
975213548.12,635292646.96,827259942.90,12/30/3281,Mike
189332825.31,369429376.10,837576535.27,9/14/5197,Belinda
396534243.16,187906555.08,144631740.74,2/7/4033,Lorraine
560908870.08,73931810.43,141518977.39,4/3/6390,Celia
187215484.79,386148771.33,705030794.06,11/2/9387,Benny
717005065.25,331118393.52,991151447.63,7/5/7004,Michael
194741454.09,538092132.69,128572334.78,10/27/5881,Cedrick
354608426.07,450274712.80,748845576.19,1/11/8947,Hanna
61412001.11,50171074.03,466316739.41,4/2/1961,Charlize
520857179.24,79079616.51,793164804.33,11/25/4156,Abbey
182735432.90,752864122.72,283519152.36,11/16/2465,Goldie
734283091.56,763479758.84,885295506.88,4/16/1020,Katelyn
114769766.38,386438345.18,993867998.07,9/30/5328,Manuel
659453627.48,725484681.89,378549081.35,12/5/2265,Enoch
568637759.58,750369394.48,876147490.44,5/31/9761,Cameron
974465548.06,791373748.31,113614285.55,3/3/0692,Ethan
156559306.21,350997975.59,612472792.40,8/22/8927,Rick
322938618.06,207177983.50,157387694.51,4/2/9400,Celia
557386552.92,760800429.06,995993059.18,1/8/5327,Jaylene
89226066.38,731274526.22,355751230.55,5/7/2961,Ramon
342376140.56,443368582.20,259097512.77,1/2/5285,Estrella
642394917.83,53659687.43,615923441.24,12/23/0126,Makena
775078588.72,55197898.33,528522710.09,9/24/8642,Samantha
733663111.33,110423464.64,815992713.99,5/3/3684,Madelyn
498590150.87,209963518.21,364055939.01,12/28/3217,Tyson
710881987.20,803449631.21,172244037.85,2/28/7709,Johnathan
133875398.38,162499711.75,174409919.36,2/25/4230,Rocco
879872909.66,816675795.92,381505705.92,5/6/2824,Carter
184796219.16,880478447.50,262960447.64,11/2/4140,Alba
847532511.57,625185626.79,247417749.68,9/10/4001,Johnny
36950757.85,557652388.19,339813136.63,7/9/3721,Eden
482187595.93,478264356.50,116122452.95,11/16/4861,Valentina
294894919.50,815870192.23,170087742.74,4/26/2362,Russel
81942957.22,536601020.54,555754679.51,6/6/5361,Daron
204283746.90,64611831.43,657053002.37,8/23/9276,Cedrick
814980523.14,393590789.71,313585335.52,6/27/1764,Luke
413614556.94,396274502.08,293081877.77,4/11/7960,Lynn
679812061.81,384553812.46,438900458.25,8/24/6231,Jenna
114791267.83,984206582.49,436589578.19,12/13/8537,Colleen
978013692.85,914690311.01,954284012.21,12/28/6522,Ember
136629788.71,676729168.22,446575269.09,7/14/5660,Doug
786964168.31,245349244.00,641219943.89,2/20/7895,Chris
336996184.61,377367778.11,40431734.41,2/12/2898,Denny
511908403.64,688006409.39,605560009.29,9/9/4996,Wade
968761411.65,678760158.23,333597124.52,7/18/7068,Liam
709559600.45,680486876.81,695385467.97,5/27/6620,Melinda
200610805.40,902681820.51,170745099.49,9/1/7024,Marvin
729552324.06,658104099.28,773563105.89,3/8/4906,Georgia
611368239.69,297501996.92,788722127.92,10/25/6961,Sabrina
616240930.20,295520586.74,385168401.99,1/23/4562,Rhea
313284321.38,533012842.07,32984068.07,6/20/2429,Vicky
193171662.79,97545573.46,32769133.70,10/26/2330,Carmella
591754406.75,39134693.77,394141473.70,7/23/8435,Cameron
387711781.63,412225975.09,433046697.68,9/14/2273,Michael
894593338.00,947870014.61,56311278.02,1/10/6137,Elise
27657099.48,956176133.01,906671002.57,6/8/8607,Henry
286723290.14,620587731.34,492626414.80,4/29/2640,Liam
756011685.23,265740899.59,45402958.01,12/20/6975,Gina
725685751.22,959358613.74,957406817.01,8/24/4129,Anais
402483739.27,100738461.91,697177693.70,5/28/0804,Daria
305976813.27,488701712.18,990230437.65,7/5/2438,Tiffany
841403561.53,816211325.19,28198798.67,11/22/4766,Celina
907910874.79,729397367.46,48903727.48,9/20/3562,Mona
524578871.24,216565817.28,302456054.17,11/2/8367,Alba
883437138.89,558353635.94,80712685.04,5/2/7628,Brad
917152653.79,108567273.60,306372645.45,4/14/3031,Mason
449876744.20,907324445.74,514292834.45,1/17/1212,Ruth
918811069.42,87623545.93,523437119.48,7/13/6142,Freya
57219362.24,433531017.20,525336718.51,9/28/0719,Jamie
133893292.02,440623813.62,592937309.19,1/14/4880,Cynthia
361263555.37,31719447.62,511736143.85,3/8/8239,Julius
17664984.92,554178999.20,488098352.82,9/6/9316,Drew
34682104.99,217587859.78,524529756.00,11/2/3061,Denis
483140095.45,245750447.37,942685207.05,1/8/0373,Blake
634869233.29,869074980.39,19006204.53,8/4/9501,Rae
636652642.05,912864632.84,84313938.58,3/17/7242,Fred
571541055.56,209539983.89,170702298.05,4/5/1742,Bridget
132238789.91,87545593.02,597854105.69,9/16/5695,Jules
135221898.20,659151064.75,438156407.14,2/21/6034,Alex
320172454.06,982653321.53,352433760.72,10/18/1402,Hanna
493198354.70,871802741.38,834305636.76,4/20/1764,Raquel
391557771.42,434176087.24,937747921.91,4/25/6693,Carina
707372017.04,604129242.15,583184874.64,9/18/9964,Harmony
265725798.22,396730011.81,654278639.97,8/11/6350,Sofie
281040473.90,157782291.99,5717722.41,1/26/0811,Ron
157438981.03,264977843.18,315465388.29,12/2/4876,Elle
516183963.86,647333715.12,993178514.70,6/28/2242,Violet
482032701.01,454488023.08,406446097.39,4/17/7427,Owen
708808682.45,692770474.02,520319623.23,5/18/7617,Peter
760011339.96,871816939.30,112649264.98,4/13/8940,Danny
837366647.41,497650496.77,953141088.05,1/24/1729,Lucas
3189769.21,179091934.67,913869781.28,6/15/7710,Nicholas
520244326.44,816256180.57,707825838.17,6/28/4612,Hank
736803767.99,632055064.87,267519659.56,5/6/9306,Sloane
797190073.23,567985458.88,806313855.66,3/2/7710,Leroy
233762683.60,206514431.05,561323535.28,4/11/7946,Brooklyn
648592500.90,774169746.98,380459542.58,10/31/8862,Enoch
599702147.58,325158502.09,614564396.66,6/15/0242,Martin
351179552.89,176169123.28,534552515.68,3/21/8838,Alan
886611460.79,145820201.51,169059103.06,2/19/3636,Chad
951448738.71,3067302.37,42558656.25,11/22/1945,Benjamin
406033848.61,656532313.47,25011057.04,2/9/1823,Crystal
509490034.52,512413463.67,758399200.31,12/28/8296,Johnny
675779518.52,687925240.05,446551004.71,6/10/6303,David
406908805.90,299930248.79,544063298.49,12/8/6392,Manuel
735724398.53,768244379.96,281458002.00,7/22/0548,Kurt
352734142.13,512091780.64,792960154.43,1/22/6570,Brad
7965945.04,80824002.95,553810693.80,1/11/3206,Nicholas
939491864.67,494013086.16,596140745.89,7/30/2834,Jack
974649439.00,735221649.08,524000092.00,4/1/1064,Nancy
921633890.10,659154745.48,508782674.30,7/30/8528,Johnathan
931173618.49,262447418.53,666800436.68,9/25/7586,Chuck
64587769.24,970807594.66,57143277.53,11/23/6575,Lexi
227881233.80,68808604.81,937572138.25,11/17/5934,Cherish
737788629.58,118737468.58,147036240.74,7/28/6474,Luke
326314802.20,132112024.29,933517177.66,1/18/4155,Daron
615667930.95,279978543.35,75687198.60,12/29/2441,Daniel
409855594.08,886770330.97,602127841.99,10/19/3722,Chris
118586153.30,450059746.64,193433245.47,6/4/7764,Doug
458193424.30,176812401.53,864371354.96,1/5/1811,Bree
776037987.44,79495945.26,395434795.18,11/17/4725,Vanessa
145129877.60,262274844.62,164693165.95,12/11/2098,Evie
811719946.84,255014865.43,618048503.10,8/2/4634,Hayden
389199879.51,574702022.09,783756565.15,2/20/7238,Nina
696460790.56,220508234.33,440413950.73,4/7/7397,Russel
928792540.04,198551877.38,75409019.76,7/7/3479,Peyton
373808342.12,369807432.97,967809278.60,1/16/2278,Jules
874763198.13,27942753.70,855409770.78,5/10/8225,Marilyn
948167202.35,843970688.31,57036641.83,2/28/5313,Anthony
356422533.77,116633199.33,550720029.05,4/16/0881,Martha
731457477.65,694609591.95,689046809.62,12/25/5943,Gabriel
751179747.91,349760568.63,459770106.55,2/28/7269,Nate
666614089.49,60032845.01,936057485.22,1/29/4358,Logan
137630137.58,495849515.71,973136136.61,5/3/3568,Logan
696463881.46,477983017.76,414607159.19,8/23/7625,Parker
560040581.58,413655582.74,191659361.21,6/23/7738,Melinda
53968575.02,334133361.57,352315216.61,12/17/3334,Mara
743730986.68,392063805.65,140176023.56,7/13/0982,Cherish
192072773.62,537352479.54,722667916.73,6/7/3056,Carina
859951098.19,670057628.70,276941862.11,4/18/2920,Rosalee
821627433.12,708287122.77,844673688.97,5/12/5790,Eryn
74986750.80,447453175.17,117544251.56,11/18/5133,Hailey
890033784.40,250317115.19,4319460.01,6/3/1253,Winnie
25112271.53,908953775.00,21029427.95,2/24/5311,Benjamin
665270491.12,19378273.70,421967203.85,3/1/5367,Josh
715122996.39,753371042.85,817667580.12,7/31/1162,Marvin
653387400.51,122678187.03,463184773.88,8/20/1420,Caleb
993751752.42,834798911.77,487947050.89,4/26/2718,Jayden
191797198.68,99361249.68,817967642.57,9/11/3998,Tyler
730257910.51,364190067.45,615688966.93,8/14/6626,Manuel
289347353.35,562422570.19,574621048.88,3/9/9301,Judith
775889481.46,137929010.21,369877128.70,5/21/9179,William
523925554.82,651756781.73,803392573.34,3/20/7565,Domenic
8643249.21,244269761.09,506046692.86,1/20/6789,Ron
787390121.45,575559214.17,948866499.30,2/21/0247,Caydence
229898631.20,383974203.89,737903525.51,5/28/9681,Crystal
457810970.83,51546801.51,247728433.80,9/11/3155,Tom
763450803.59,376133937.52,678716628.03,1/1/1559,Marigold
478886850.79,497953713.15,610322255.61,9/3/0959,Fred
250721319.52,115017116.51,264747790.72,6/13/6174,Sage
137965456.45,393839727.03,513500462.77,11/10/6244,Zoe
302746048.16,335143554.53,397671756.82,1/5/0973,Sasha
917386759.64,163646889.82,869936527.12,12/22/0418,Matt
211778565.07,604573712.48,788337826.74,8/3/1441,Dorothy
388170395.08,338678281.44,936759346.78,9/12/2762,Percy
608554459.81,100531226.85,706020964.58,12/3/7974,Johnny
217751308.62,562326680.13,114135939.76,10/23/6762,Hazel
782061653.60,508157102.89,70650517.13,1/11/9693,Liam
640889687.29,796877997.90,858376292.25,1/26/9535,Alexa
213871727.14,765620420.43,554940524.85,9/26/4354,Henry
76590171.91,885247835.01,208333971.34,10/5/3783,Aiden
964826435.77,403162130.18,108323804.22,6/21/0251,Ron
369231587.54,425649016.10,299374023.33,6/5/5963,Rocco
368205580.94,2202351.42,628642128.74,12/29/5755,Nick
447840163.25,438404600.17,289050554.30,11/20/7234,Owen
915884439.28,183586367.42,987124831.17,1/10/6033,Harvey
214101431.61,146463640.64,612460458.04,1/10/2779,Phillip
886903929.43,37739306.92,969599432.94,11/6/7060,Rufus
555299963.16,643320071.48,339182666.19,5/8/8308,Louise
149480687.08,276112295.20,679476320.22,8/21/5844,Bob
128069069.68,302166608.01,750704083.40,1/1/8725,Bernadette
397861626.79,87603033.89,814483915.66,2/12/6031,Stephanie
660379709.51,731422690.08,752241362.23,3/16/7314,Denny
887745862.82,240376528.04,397629017.07,7/22/5826,Morgan
129846256.69,456098463.96,535644654.92,12/9/0793,Denny
670385202.79,125196533.87,62335427.67,10/27/8322,Ronald
423109043.56,219158443.40,771275756.42,12/29/8917,Greta
777283390.77,880938552.71,6901482.58,1/4/7551,Melody
949558222.71,293416338.33,987669405.49,2/5/4487,Bob
696424360.68,2903962.49,522769357.51,9/27/5382,Dasha
788648586.12,304756995.86,672640118.53,4/2/5316,Russel
125318192.57,852775701.22,396819314.25,4/7/3693,Colleen
579149886.27,950418675.95,458334743.54,11/11/7578,Meredith
184888312.59,29489533.16,927817559.11,1/23/7791,Chadwick
659436285.32,428091906.60,696909501.77,1/6/0501,Katelyn
579851600.58,968211798.65,857803446.57,11/9/4323,William
216885949.21,390069942.13,129292280.93,2/9/1080,Mark
116601287.16,186475548.85,954612396.66,4/15/7517,Rosie
139988269.13,222955430.65,514058578.24,7/2/9292,Nathan
382613674.92,750979923.18,866175250.64,6/16/4954,Bob
383641679.58,166087044.37,237338062.82,4/27/4861,Wendy
708191026.46,118704018.67,63961283.62,4/16/8448,Allison
906332454.57,344616382.67,130455304.99,7/20/0640,Alessandra
73970734.56,433056425.47,138606395.79,2/17/8570,Elise
524623689.83,522685696.66,987350053.04,9/3/9229,Rosalyn
475644634.81,460580154.64,976957064.68,5/16/4009,Harry
190025059.37,353307826.98,842341496.13,9/28/1064,Marvin
470305138.40,320474364.56,600798843.58,3/8/8213,Kieth
330753876.22,364738157.25,351109453.29,5/2/2246,Peter
686961538.94,841959881.98,24504933.31,5/3/5684,Gwenyth
362304111.84,583633600.60,364169278.65,10/6/4111,Caitlyn
762457293.86,803236131.81,709185212.81,6/17/0703,Liam
742718720.84,918575960.78,198147679.45,6/12/6638,Josh
704626641.62,974984607.58,606192230.05,9/27/2350,Wade
506744169.76,832718519.85,87081526.71,9/14/6453,Manuel
732558488.63,225338995.93,362974892.48,3/9/5695,David
835234279.49,846803500.88,471967760.21,12/19/3788,John
620706244.81,86338392.34,144298797.23,10/13/5359,Ema
823257885.31,297201005.80,649996023.25,2/20/1876,Payton
867041234.76,183371373.76,542056688.34,5/6/9133,Emery
394390891.23,828524628.75,759225918.32,6/19/3223,Makenzie
913507830.58,873251111.36,566889628.07,8/16/7863,Peter
45019203.77,241678536.43,534051951.87,11/15/6300,Lucas
420932893.44,452360430.33,424169121.63,1/1/9596,Ema
462424223.55,411246751.28,999374018.43,3/18/7576,Danny
79826690.89,853804715.77,237399508.02,2/20/1566,Tom
613587860.45,450089317.16,528053862.47,3/16/6739,Doug
459917695.35,38168939.58,987947541.50,6/2/6615,Leroy
775596888.19,762192086.69,864784125.68,7/5/7995,Caydence
980033405.59,378687047.29,774500779.68,8/12/0582,Daron
982202555.58,180015978.66,792054989.97,8/4/3915,Tania
710343082.99,158921653.25,475747541.96,1/5/3810,Willow
123359323.38,198043549.06,409461841.45,10/10/6021,Carina
499950242.13,216806582.63,892160968.52,8/27/3422,Ryan
520584156.81,328800746.97,487315430.13,7/25/2138,Michael
773303041.33,736497176.76,317744573.48,10/28/4527,Angelina
740224316.75,284097915.15,151158590.54,2/18/1912,Bob
118602206.63,420026847.75,657709569.21,10/20/2979,Jane
787311383.59,742406646.72,589574003.74,1/11/5022,Peyton
847653348.06,337686067.45,593874801.46,9/19/6156,Vivian
61692308.70,181146241.07,577350989.03,3/16/7478,Chadwick
